msg_size,capacity,producers,rate,full_policy,strategy,metric,n_trials,mean,ci95_halfwidth,stdev,cv_percent,min,median,max
64,8192,1,max,Block,crossbeam,p50_ns,12,129.3333,39.2011,61.6977,47.70,90.0000,102.5000,281.0000
64,8192,1,max,Block,crossbeam,p99_ns,12,1659.5833,513.8290,808.7033,48.73,1071.0000,1282.0000,3475.0000
64,8192,1,max,Block,crossbeam,p999_ns,12,6534.8333,2606.5408,4102.3726,62.78,4061.0000,4881.0000,17551.0000
64,8192,1,max,Block,crossbeam,max_ns,12,60832.3333,27003.5963,42500.3188,69.86,21759.0000,49231.0000,157055.0000
64,8192,1,max,Block,crossbeam,mean_ns,12,278.2700,83.7895,131.8743,47.39,203.5207,226.3600,561.3781
64,8192,1,max,Block,crossbeam,throughput,12,3364482.8465,521570.8356,820887.9482,24.40,1617269.4621,3670007.8250,3994956.7666
64,8192,1,max,Block,crossbeam,mb_per_sec,12,215.3269,33.3805,52.5368,24.40,103.5052,234.8805,255.6772
64,8192,1,max,Block,crossbeam,dropped,12,0.0000,0.0000,0.0000,nan,0.0000,0.0000,0.0000
64,8192,1,max,Block,direct,p50_ns,12,40.6667,1.4673,2.3094,5.68,40.0000,40.0000,48.0000
64,8192,1,max,Block,direct,p99_ns,12,48.3333,6.1502,9.6797,20.03,41.0000,46.0000,77.0000
64,8192,1,max,Block,direct,p999_ns,12,7612.4167,3242.9249,5103.9625,67.05,217.0000,10191.0000,14191.0000
64,8192,1,max,Block,direct,max_ns,12,40239.0000,19831.9809,31213.0837,77.57,17023.0000,32983.0000,130559.0000
64,8192,1,max,Block,direct,mean_ns,12,56.1332,3.6841,5.7983,10.33,51.1176,54.1172,71.2739
64,8192,1,max,Block,direct,throughput,12,10445698.4152,496369.6664,781224.4266,7.48,8331944.6759,10714658.1609,11264254.9146
64,8192,1,max,Block,direct,mb_per_sec,12,668.5247,31.7677,49.9984,7.48,533.2445,685.7381,720.9123
64,8192,1,max,Block,direct,dropped,12,0.0000,0.0000,0.0000,nan,0.0000,0.0000,0.0000
64,8192,1,max,Block,env_logger,p50_ns,12,771.2500,14.8444,23.3632,3.03,717.0000,780.0000,788.0000
64,8192,1,max,Block,env_logger,p99_ns,12,2730.6667,106.4548,167.5466,6.14,2517.0000,2731.0000,3095.0000
64,8192,1,max,Block,env_logger,p999_ns,12,18881.6667,624.8842,983.4904,5.21,17391.0000,18839.0000,20639.0000
64,8192,1,max,Block,env_logger,max_ns,12,84689.6667,15998.6602,25179.9113,29.73,35743.0000,89727.0000,126975.0000
64,8192,1,max,Block,env_logger,mean_ns,12,871.4675,12.3844,19.4916,2.24,839.2298,871.3641,913.4877
64,8192,1,max,Block,env_logger,throughput,12,1086314.6288,17520.0853,27574.4461,2.54,1030347.4945,1083079.6755,1131873.5070
64,8192,1,max,Block,env_logger,mb_per_sec,12,69.5241,1.1213,1.7648,2.54,65.9422,69.3171,72.4399
64,8192,1,max,Block,env_logger,dropped,12,0.0000,0.0000,0.0000,nan,0.0000,0.0000,0.0000
64,8192,1,max,Block,fern,p50_ns,12,545.3333,14.7681,23.2431,4.26,533.0000,535.5000,597.0000
64,8192,1,max,Block,fern,p99_ns,12,2565.8333,265.5620,417.9617,16.29,2213.0000,2410.0000,3753.0000
64,8192,1,max,Block,fern,p999_ns,12,6170.3333,540.2086,850.2215,13.78,5067.0000,6165.0000,7595.0000
64,8192,1,max,Block,fern,max_ns,12,75593.6667,12960.7967,20398.6901,26.98,43167.0000,77183.0000,106751.0000
64,8192,1,max,Block,fern,mean_ns,12,634.0522,15.0368,23.6660,3.73,604.2625,626.6079,682.6484
64,8192,1,max,Block,fern,throughput,12,1469782.6475,32981.1143,51908.1923,3.53,1382627.6022,1486471.1324,1539385.6435
64,8192,1,max,Block,fern,mb_per_sec,12,94.0661,2.1108,3.3221,3.53,88.4882,95.1342,98.5207
64,8192,1,max,Block,fern,dropped,12,0.0000,0.0000,0.0000,nan,0.0000,0.0000,0.0000
64,8192,1,max,Block,flexi_logger,p50_ns,12,256.2500,35.7129,56.2076,21.93,215.0000,232.0000,402.0000
64,8192,1,max,Block,flexi_logger,p99_ns,12,2671.1667,314.1552,494.4414,18.51,2383.0000,2491.0000,3897.0000
64,8192,1,max,Block,flexi_logger,p999_ns,12,18507.0000,920.5498,1448.8315,7.83,17311.0000,18015.0000,21599.0000
64,8192,1,max,Block,flexi_logger,max_ns,12,79180.3333,23935.6824,37671.8020,47.58,35199.0000,76799.0000,146559.0000
64,8192,1,max,Block,flexi_logger,mean_ns,12,410.0904,38.9706,61.3349,14.96,370.8849,385.1414,580.2631
64,8192,1,max,Block,flexi_logger,throughput,12,2215887.9884,179769.7709,282935.3720,12.77,1605778.4902,2342029.7474,2424662.4052
64,8192,1,max,Block,flexi_logger,mb_per_sec,12,141.8168,11.5053,18.1079,12.77,102.7698,149.8899,155.1784
64,8192,1,max,Block,flexi_logger,dropped,12,0.0000,0.0000,0.0000,nan,0.0000,0.0000,0.0000
64,8192,1,max,Block,flume,p50_ns,12,121.5833,33.4407,52.6316,43.29,92.0000,94.0000,238.0000
64,8192,1,max,Block,flume,p99_ns,12,15147.0000,688.9231,1084.2797,7.16,14071.0000,14699.0000,17375.0000
64,8192,1,max,Block,flume,p999_ns,12,22747.0000,2131.9902,3355.4887,14.75,19119.0000,21751.0000,28447.0000
64,8192,1,max,Block,flume,max_ns,12,83839.0000,16333.7922,25707.3676,30.66,45119.0000,80223.0000,152831.0000
64,8192,1,max,Block,flume,mean_ns,12,558.1183,63.1330,99.3635,17.80,473.0394,523.3283,760.8198
64,8192,1,max,Block,flume,throughput,12,1688552.3419,151140.3859,237876.2631,14.09,1234020.9710,1754303.4435,1921703.4594
64,8192,1,max,Block,flume,mb_per_sec,12,108.0673,9.6730,15.2241,14.09,78.9773,112.2754,122.9890
64,8192,1,max,Block,flume,dropped,12,0.0000,0.0000,0.0000,nan,0.0000,0.0000,0.0000
64,8192,1,max,Block,ftlog,p50_ns,12,540.5833,84.6856,133.2847,24.66,373.0000,507.5000,783.0000
64,8192,1,max,Block,ftlog,p99_ns,12,58940.3333,7424.3777,11685.0516,19.83,42911.0000,55839.0000,89087.0000
64,8192,1,max,Block,ftlog,p999_ns,12,83609.6667,7699.2793,12117.7128,14.49,67775.0000,82271.0000,113663.0000
64,8192,1,max,Block,ftlog,max_ns,12,266377.6667,277865.7798,437326.3501,164.18,111679.0000,136511.0000,1653759.0000
64,8192,1,max,Block,ftlog,mean_ns,12,4326.6821,712.2551,1121.0014,25.91,2890.9067,4171.3735,7107.1431
64,8192,1,max,Block,ftlog,throughput,12,214901.9382,26692.4182,42010.5628,19.55,130361.9270,213281.3430,295731.8428
64,8192,1,max,Block,ftlog,mb_per_sec,12,13.7537,1.7083,2.6887,19.55,8.3432,13.6500,18.9268
64,8192,1,max,Block,ftlog,dropped,12,0.0000,0.0000,0.0000,nan,0.0000,0.0000,0.0000
64,8192,1,max,Block,log4rs,p50_ns,12,1075.6667,9.4293,14.8406,1.38,1060.0000,1070.5000,1099.0000
64,8192,1,max,Block,log4rs,p99_ns,12,3480.8333,473.0136,744.4649,21.39,2905.0000,3179.0000,5251.0000
64,8192,1,max,Block,log4rs,p999_ns,12,21087.0000,587.5040,924.6586,4.38,19839.0000,21295.0000,22543.0000
64,8192,1,max,Block,log4rs,max_ns,12,101703.0000,19360.9599,30471.7549,29.96,52159.0000,106175.0000,150271.0000
64,8192,1,max,Block,log4rs,mean_ns,12,1200.6522,22.6319,35.6198,2.97,1157.7530,1185.9776,1269.2971
64,8192,1,max,Block,log4rs,throughput,12,803426.9781,14750.6737,23215.7349,2.89,760508.6130,810346.9209,833441.6460
64,8192,1,max,Block,log4rs,mb_per_sec,12,51.4193,0.9440,1.4858,2.89,48.6726,51.8622,53.3403
64,8192,1,max,Block,log4rs,dropped,12,0.0000,0.0000,0.0000,nan,0.0000,0.0000,0.0000
64,8192,1,max,Block,slog-async,p50_ns,12,1477.3333,618.2137,972.9919,65.86,270.0000,1750.0000,2631.0000
64,8192,1,max,Block,slog-async,p99_ns,12,39337.6667,5341.4750,8406.8207,21.37,24975.0000,42447.0000,52415.0000
64,8192,1,max,Block,slog-async,p999_ns,12,62447.0000,2958.4298,4656.2024,7.46,56895.0000,60607.0000,69055.0000
64,8192,1,max,Block,slog-async,max_ns,12,156127.0000,50070.9168,78805.4265,50.48,93567.0000,132863.0000,393471.0000
64,8192,1,max,Block,slog-async,mean_ns,12,3039.9757,297.2102,467.7720,15.39,2406.0440,2975.7795,3935.2924
64,8192,1,max,Block,slog-async,throughput,12,234868.8099,18797.1136,29584.3306,12.60,188103.9383,238713.9227,276741.8064
64,8192,1,max,Block,slog-async,mb_per_sec,12,15.0316,1.2030,1.8934,12.60,12.0387,15.2777,17.7115
64,8192,1,max,Block,slog-async,dropped,12,0.0000,0.0000,0.0000,nan,0.0000,0.0000,0.0000
64,8192,1,max,Block,tracing-appender,p50_ns,12,288.0833,64.1567,100.9748,35.05,234.0000,243.0000,516.0000
64,8192,1,max,Block,tracing-appender,p99_ns,12,2165.6667,242.6630,381.9215,17.64,1879.0000,2002.5000,3217.0000
64,8192,1,max,Block,tracing-appender,p999_ns,12,19281.3333,2950.2470,4643.3237,24.08,6475.0000,19831.0000,27279.0000
64,8192,1,max,Block,tracing-appender,max_ns,12,80417.6667,24978.7650,39313.4849,48.89,46207.0000,67679.0000,185599.0000
64,8192,1,max,Block,tracing-appender,mean_ns,12,417.0196,61.2882,96.4600,23.13,349.1227,374.4802,610.1547
64,8192,1,max,Block,tracing-appender,throughput,12,1625558.7879,136139.9784,214267.4780,13.18,1224566.7437,1708434.8811,1813277.5618
64,8192,1,max,Block,tracing-appender,mb_per_sec,12,104.0358,8.7130,13.7131,13.18,78.3723,109.3398,116.0498
64,8192,1,max,Block,tracing-appender,dropped,12,0.0000,0.0000,0.0000,nan,0.0000,0.0000,0.0000
64,8192,1,max,Block,tracing-fmt,p50_ns,12,611.5000,2.4156,3.8019,0.62,605.0000,611.0000,622.0000
64,8192,1,max,Block,tracing-fmt,p99_ns,12,1069.6667,95.6107,150.4794,14.07,651.0000,1095.5000,1209.0000
64,8192,1,max,Block,tracing-fmt,p999_ns,12,22092.3333,973.3976,1532.0074,6.93,19807.0000,22103.0000,24319.0000
64,8192,1,max,Block,tracing-fmt,max_ns,12,74663.0000,14516.3181,22846.8882,30.60,44159.0000,75615.0000,110143.0000
64,8192,1,max,Block,tracing-fmt,mean_ns,12,680.4072,7.5785,11.9276,1.75,660.7361,676.7896,700.7167
64,8192,1,max,Block,tracing-fmt,throughput,12,1384339.6901,13765.4016,21665.0386,1.57,1348840.9578,1388264.0454,1420359.7203
64,8192,1,max,Block,tracing-fmt,mb_per_sec,12,88.5977,0.8810,1.3866,1.57,86.3258,88.8489,90.9030
64,8192,1,max,Block,tracing-fmt,dropped,12,0.0000,0.0000,0.0000,nan,0.0000,0.0000,0.0000
64,8192,1,max,Block,tracing-nb,p50_ns,12,856.1667,97.6643,153.7116,17.95,776.0000,792.0000,1190.0000
64,8192,1,max,Block,tracing-nb,p99_ns,12,1870.6667,417.5976,657.2469,35.13,1442.0000,1518.0000,2981.0000
64,8192,1,max,Block,tracing-nb,p999_ns,12,19757.6667,1101.8594,1734.1904,8.78,17999.0000,19255.0000,24655.0000
64,8192,1,max,Block,tracing-nb,max_ns,12,106879.0000,21207.6000,33378.1378,31.23,56447.0000,102847.0000,175359.0000
64,8192,1,max,Block,tracing-nb,mean_ns,12,1009.2299,124.4405,195.8539,19.41,893.0750,916.0354,1435.7336
64,8192,1,max,Block,tracing-nb,throughput,12,977288.1976,91333.7313,143747.9900,14.71,676181.5783,1046579.8192,1067459.6041
64,8192,1,max,Block,tracing-nb,mb_per_sec,12,62.5464,5.8454,9.1999,14.71,43.2756,66.9811,68.3174
64,8192,1,max,Block,tracing-nb,dropped,12,0.0000,0.0000,0.0000,nan,0.0000,0.0000,0.0000
64,8192,1,max,Block,tracing-span,p50_ns,12,960.0833,4.4141,6.9473,0.72,953.0000,957.0000,976.0000
64,8192,1,max,Block,tracing-span,p99_ns,12,1881.2500,487.9211,767.9274,40.82,1087.0000,1751.0000,4029.0000
64,8192,1,max,Block,tracing-span,p999_ns,12,23847.0000,981.7270,1545.1169,6.48,21599.0000,23343.0000,27087.0000
64,8192,1,max,Block,tracing-span,max_ns,12,94825.6667,17740.8021,27921.8269,29.45,57663.0000,91039.0000,161919.0000
64,8192,1,max,Block,tracing-span,mean_ns,12,1065.7644,17.4098,27.4009,2.57,1036.6639,1056.8621,1130.5535
64,8192,1,max,Block,tracing-span,throughput,12,903589.4605,14136.0415,22248.3799,2.46,853633.4117,909635.0705,930479.1135
64,8192,1,max,Block,tracing-span,mb_per_sec,12,57.8297,0.9047,1.4239,2.46,54.6325,58.2166,59.5507
64,8192,1,max,Block,tracing-span,dropped,12,0.0000,0.0000,0.0000,nan,0.0000,0.0000,0.0000
64,8192,4,max,Block,crossbeam,p50_ns,12,360.0000,85.3515,134.3327,37.31,199.0000,319.0000,653.0000
64,8192,4,max,Block,crossbeam,p99_ns,12,3940.8333,1351.6221,2127.2858,53.98,1383.0000,3453.0000,10247.0000
64,8192,4,max,Block,crossbeam,p999_ns,12,25142.6667,25999.5172,40920.0225,162.75,4635.0000,13011.0000,154495.0000
64,8192,4,max,Block,crossbeam,max_ns,12,6197247.0000,1544263.4724,2430479.5952,39.22,2895871.0000,5801983.0000,9338879.0000
64,8192,4,max,Block,crossbeam,mean_ns,12,804.1205,240.8742,379.1062,47.15,522.1163,615.5956,1640.8586
64,8192,4,max,Block,crossbeam,throughput,12,4398656.2855,828044.0725,1303238.8956,29.63,2226653.9439,4868635.8893,6454960.1124
64,8192,4,max,Block,crossbeam,mb_per_sec,12,281.5140,52.9948,83.4073,29.63,142.5059,311.5927,413.1174
64,8192,4,max,Block,crossbeam,dropped,12,0.0000,0.0000,0.0000,nan,0.0000,0.0000,0.0000
64,8192,4,max,Block,direct,p50_ns,12,416.7500,64.3251,101.2397,24.29,324.0000,386.0000,667.0000
64,8192,4,max,Block,direct,p99_ns,12,18093.6667,2845.1828,4477.9656,24.75,13055.0000,18215.0000,25439.0000
64,8192,4,max,Block,direct,p999_ns,12,69889.6667,4328.6428,6812.7481,9.75,59519.0000,70719.0000,84031.0000
64,8192,4,max,Block,direct,max_ns,12,388788.3333,303837.2341,478202.2050,123.00,135807.0000,195967.0000,1833983.0000
64,8192,4,max,Block,direct,mean_ns,12,1110.9044,127.6213,200.8602,18.08,893.4247,997.8712,1409.9049
64,8192,4,max,Block,direct,throughput,12,3468017.5205,377871.7446,594723.3625,17.15,2636701.1731,3748136.1342,4163455.8182
64,8192,4,max,Block,direct,mb_per_sec,12,221.9531,24.1838,38.0623,17.15,168.7489,239.8807,266.4612
64,8192,4,max,Block,direct,dropped,12,0.0000,0.0000,0.0000,nan,0.0000,0.0000,0.0000
64,8192,4,max,Block,env_logger,p50_ns,12,819.6667,18.8664,29.6934,3.62,757.0000,822.0000,860.0000
64,8192,4,max,Block,env_logger,p99_ns,12,114473.6667,4580.5693,7209.2493,6.30,105407.0000,112991.0000,125439.0000
64,8192,4,max,Block,env_logger,p999_ns,12,196980.3333,8330.3400,13110.9243,6.66,181119.0000,196735.0000,223487.0000
64,8192,4,max,Block,env_logger,max_ns,12,3025471.0000,1102593.3225,1735345.4382,57.36,295423.0000,3272703.0000,5922815.0000
64,8192,4,max,Block,env_logger,mean_ns,12,8852.6428,398.2965,626.8694,7.08,8136.0655,8650.3869,9938.6761
64,8192,4,max,Block,env_logger,throughput,12,432055.5249,13426.4502,21131.5710,4.89,395169.1598,435854.9044,464424.2761
64,8192,4,max,Block,env_logger,mb_per_sec,12,27.6516,0.8593,1.3524,4.89,25.2908,27.8947,29.7232
64,8192,4,max,Block,env_logger,dropped,12,0.0000,0.0000,0.0000,nan,0.0000,0.0000,0.0000
64,8192,4,max,Block,fern,p50_ns,12,565.5000,10.8961,17.1491,3.03,549.0000,561.0000,604.0000
64,8192,4,max,Block,fern,p99_ns,12,113892.3333,3704.5576,5830.5152,5.12,101887.0000,114047.0000,122751.0000
64,8192,4,max,Block,fern,p999_ns,12,204980.3333,8394.0488,13211.1941,6.45,181247.0000,205951.0000,226687.0000
64,8192,4,max,Block,fern,max_ns,12,1404116.3333,936834.4145,1474461.4304,105.01,354303.0000,483327.0000,4132863.0000
64,8192,4,max,Block,fern,mean_ns,12,7269.6096,317.0277,498.9624,6.86,6543.7659,7155.4534,8319.7176
64,8192,4,max,Block,fern,throughput,12,537139.0481,22375.3083,35215.9662,6.56,467704.8213,539459.8261,581536.1685
64,8192,4,max,Block,fern,mb_per_sec,12,34.3769,1.4320,2.2538,6.56,29.9331,34.5254,37.2183
64,8192,4,max,Block,fern,dropped,12,0.0000,0.0000,0.0000,nan,0.0000,0.0000,0.0000
64,8192,4,max,Block,flexi_logger,p50_ns,12,568.1667,140.2140,220.6795,38.84,342.0000,453.5000,1009.0000
64,8192,4,max,Block,flexi_logger,p99_ns,12,4451.3333,872.8625,1373.7775,30.86,2949.0000,4423.0000,6847.0000
64,8192,4,max,Block,flexi_logger,p999_ns,12,43317.6667,28703.3580,45175.5333,104.29,16623.0000,21503.0000,150015.0000
64,8192,4,max,Block,flexi_logger,max_ns,12,3418452.3333,614157.9440,966608.5987,28.28,1277951.0000,4040703.0000,4206591.0000
64,8192,4,max,Block,flexi_logger,mean_ns,12,1002.8458,242.3636,381.4503,38.04,654.1342,822.6657,1686.8267
64,8192,4,max,Block,flexi_logger,throughput,12,3291053.7318,555029.3044,873547.4375,26.54,1993753.7688,3493469.4841,4714122.0837
64,8192,4,max,Block,flexi_logger,mb_per_sec,12,210.6274,35.5219,55.9070,26.54,127.6002,223.5820,301.7038
64,8192,4,max,Block,flexi_logger,dropped,12,0.0000,0.0000,0.0000,nan,0.0000,0.0000,0.0000
64,8192,4,max,Block,flume,p50_ns,12,564.2500,107.9626,169.9198,30.11,324.0000,547.5000,929.0000
64,8192,4,max,Block,flume,p99_ns,12,71895.0000,5283.1621,8315.0433,11.57,58047.0000,73823.0000,84543.0000
64,8192,4,max,Block,flume,p999_ns,12,276308.3333,29034.2319,45696.2879,16.54,183551.0000,281471.0000,352767.0000
64,8192,4,max,Block,flume,max_ns,12,4168532.3333,614045.3035,966431.3165,23.18,2902015.0000,4079615.0000,5922815.0000
64,8192,4,max,Block,flume,mean_ns,12,3602.8478,413.4437,650.7093,18.06,2706.1497,3515.1159,4860.1912
64,8192,4,max,Block,flume,throughput,12,1075681.9770,108786.2241,171216.0539,15.92,780572.9292,1078029.2195,1371622.0485
64,8192,4,max,Block,flume,mb_per_sec,12,68.8436,6.9623,10.9578,15.92,49.9567,68.9939,87.7838
64,8192,4,max,Block,flume,dropped,12,0.0000,0.0000,0.0000,nan,0.0000,0.0000,0.0000
64,8192,4,max,Block,ftlog,p50_ns,12,1039.5833,102.0905,160.6778,15.46,799.0000,1032.5000,1314.0000
64,8192,4,max,Block,ftlog,p99_ns,12,218921.6667,8746.1124,13765.2985,6.29,189951.0000,220799.0000,241919.0000
64,8192,4,max,Block,ftlog,p999_ns,12,425833.6667,29860.7081,46997.0591,11.04,374271.0000,428031.0000,543743.0000
64,8192,4,max,Block,ftlog,max_ns,12,3623593.6667,1667600.0086,2624596.0396,72.43,1053695.0000,2810879.0000,9461759.0000
64,8192,4,max,Block,ftlog,mean_ns,12,17967.8549,977.4617,1538.4038,8.56,14867.7784,18110.6410,20177.1807
64,8192,4,max,Block,ftlog,throughput,12,190086.6278,11672.2475,18370.6731,9.66,171059.4546,185968.5392,234986.3457
64,8192,4,max,Block,ftlog,mb_per_sec,12,12.1655,0.7470,1.1757,9.66,10.9478,11.9020,15.0391
64,8192,4,max,Block,ftlog,dropped,12,0.0000,0.0000,0.0000,nan,0.0000,0.0000,0.0000
64,8192,4,max,Block,log4rs,p50_ns,12,1268.5000,37.9163,59.6756,4.70,1193.0000,1263.0000,1422.0000
64,8192,4,max,Block,log4rs,p99_ns,12,137679.0000,4425.5000,6965.1893,5.06,130879.0000,135679.0000,152575.0000
64,8192,4,max,Block,log4rs,p999_ns,12,265609.6667,13655.9268,21492.7388,8.09,233215.0000,267839.0000,299007.0000
64,8192,4,max,Block,log4rs,max_ns,12,1507241.6667,710977.7438,1118990.9817,74.24,605695.0000,766975.0000,3887103.0000
64,8192,4,max,Block,log4rs,mean_ns,12,10842.1701,618.0740,972.7720,8.97,9714.5745,10725.3944,12997.6429
64,8192,4,max,Block,log4rs,throughput,12,361939.5382,18464.0199,29060.0824,8.03,304569.4841,365194.1619,397787.6503
64,8192,4,max,Block,log4rs,mb_per_sec,12,23.1641,1.1817,1.8598,8.03,19.4924,23.3724,25.4584
64,8192,4,max,Block,log4rs,dropped,12,0.0000,0.0000,0.0000,nan,0.0000,0.0000,0.0000
64,8192,4,max,Block,slog-async,p50_ns,12,2909.1667,123.6632,194.6306,6.69,2707.0000,2830.0000,3207.0000
64,8192,4,max,Block,slog-async,p99_ns,12,239839.0000,11698.6336,18412.2015,7.68,209791.0000,235263.0000,275967.0000
64,8192,4,max,Block,slog-async,p999_ns,12,528553.6667,39681.9593,62454.4931,11.82,442367.0000,509695.0000,649727.0000
64,8192,4,max,Block,slog-async,max_ns,12,2979753.6667,451409.6204,710462.8783,23.84,1605631.0000,3143679.0000,3762175.0000
64,8192,4,max,Block,slog-async,mean_ns,12,25323.7278,1521.7297,2395.0143,9.46,21629.7096,24429.9736,30210.1786
64,8192,4,max,Block,slog-async,throughput,12,148586.1426,8295.8235,13056.5995,8.79,124870.4344,152428.7073,171706.7815
64,8192,4,max,Block,slog-async,mb_per_sec,12,9.5095,0.5309,0.8356,8.79,7.9917,9.7554,10.9892
64,8192,4,max,Block,slog-async,dropped,12,0.0000,0.0000,0.0000,nan,0.0000,0.0000,0.0000
64,8192,4,max,Block,tracing-appender,p50_ns,12,577.3333,130.2246,204.9573,35.50,436.0000,462.0000,943.0000
64,8192,4,max,Block,tracing-appender,p99_ns,12,95785.6667,6375.3271,10033.9759,10.48,78463.0000,96031.0000,110527.0000
64,8192,4,max,Block,tracing-appender,p999_ns,12,465812.3333,94460.1641,148668.6083,31.92,213247.0000,474751.0000,698879.0000
64,8192,4,max,Block,tracing-appender,max_ns,12,4681215.0000,1428262.9521,2247909.1319,48.02,2193407.0000,4198399.0000,9093119.0000
64,8192,4,max,Block,tracing-appender,mean_ns,12,5487.4004,545.0647,857.8643,15.63,3915.6288,5449.1795,6752.6494
64,8192,4,max,Block,tracing-appender,throughput,12,687601.9606,59435.8478,93544.6689,13.60,567400.4135,688378.7834,901945.8377
64,8192,4,max,Block,tracing-appender,mb_per_sec,12,44.0065,3.8039,5.9869,13.60,36.3136,44.0562,57.7245
64,8192,4,max,Block,tracing-appender,dropped,12,0.0000,0.0000,0.0000,nan,0.0000,0.0000,0.0000
64,8192,4,max,Block,tracing-fmt,p50_ns,12,883.7500,146.8183,231.0738,26.15,727.0000,733.0000,1312.0000
64,8192,4,max,Block,tracing-fmt,p99_ns,12,6003.1667,3712.7989,5843.4860,97.34,2143.0000,4083.0000,19103.0000
64,8192,4,max,Block,tracing-fmt,p999_ns,12,84196.3333,4527.7277,7126.0831,8.46,73023.0000,85919.0000,94271.0000
64,8192,4,max,Block,tracing-fmt,max_ns,12,574644.3333,200321.0666,315280.5681,54.87,134271.0000,523263.0000,1312767.0000
64,8192,4,max,Block,tracing-fmt,mean_ns,12,1410.6448,181.1588,285.1216,20.21,1170.8231,1269.3160,1909.4229
64,8192,4,max,Block,tracing-fmt,throughput,12,2716253.4307,329852.7556,519147.4164,19.11,1928049.8085,2918426.4984,3238891.5736
64,8192,4,max,Block,tracing-fmt,mb_per_sec,12,173.8402,21.1106,33.2254,19.11,123.3952,186.7793,207.2891
64,8192,4,max,Block,tracing-fmt,dropped,12,0.0000,0.0000,0.0000,nan,0.0000,0.0000,0.0000
64,8192,4,max,Block,tracing-nb,p50_ns,12,1098.2500,132.9312,209.2172,19.05,856.0000,1026.0000,1397.0000
64,8192,4,max,Block,tracing-nb,p99_ns,12,2671.1667,579.1677,911.5382,34.13,1596.0000,2897.0000,4627.0000
64,8192,4,max,Block,tracing-nb,p999_ns,12,20231.0000,1060.8773,1669.6896,8.25,17871.0000,19911.0000,23839.0000
64,8192,4,max,Block,tracing-nb,max_ns,12,5778772.3333,1267645.0084,1995116.3657,34.52,4042751.0000,4468735.0000,8040447.0000
64,8192,4,max,Block,tracing-nb,mean_ns,12,1541.6500,223.3819,351.5755,22.81,1114.8840,1463.3396,2101.3335
64,8192,4,max,Block,tracing-nb,throughput,12,1965739.3376,212133.6652,333872.1364,16.98,1458925.5469,2021823.9264,2395428.2533
64,8192,4,max,Block,tracing-nb,mb_per_sec,12,125.8073,13.5766,21.3678,16.98,93.3712,129.3967,153.3074
64,8192,4,max,Block,tracing-nb,dropped,12,0.0000,0.0000,0.0000,nan,0.0000,0.0000,0.0000
64,8192,4,max,Block,tracing-span,p50_ns,12,1290.4167,96.8476,152.4261,11.81,1197.0000,1219.0000,1653.0000
64,8192,4,max,Block,tracing-span,p99_ns,12,4424.8333,668.0422,1051.4158,23.76,3121.0000,4647.0000,5971.0000
64,8192,4,max,Block,tracing-span,p999_ns,12,89049.6667,2622.7139,4127.8271,4.64,82623.0000,89375.0000,95487.0000
64,8192,4,max,Block,tracing-span,max_ns,12,755476.3333,464079.1983,730403.2260,96.68,178303.0000,450431.0000,2273279.0000
64,8192,4,max,Block,tracing-span,mean_ns,12,1848.7144,107.8060,169.6733,9.18,1688.1426,1783.2950,2123.7201
64,8192,4,max,Block,tracing-span,throughput,12,1979774.8386,142795.9810,224743.2024,11.35,1528974.8084,2080551.0778,2162528.9154
64,8192,4,max,Block,tracing-span,mb_per_sec,12,126.7056,9.1389,14.3836,11.35,97.8544,133.1553,138.4019
64,8192,4,max,Block,tracing-span,dropped,12,0.0000,0.0000,0.0000,nan,0.0000,0.0000,0.0000
1024,8192,1,max,Block,crossbeam,p50_ns,12,211.5833,14.3499,22.5850,10.67,147.0000,214.5000,233.0000
1024,8192,1,max,Block,crossbeam,p99_ns,12,27865.6667,3725.8984,5864.1030,21.04,18415.0000,25719.0000,36319.0000
1024,8192,1,max,Block,crossbeam,p999_ns,12,57740.3333,3521.0819,5541.7472,9.60,51871.0000,56383.0000,71423.0000
1024,8192,1,max,Block,crossbeam,max_ns,12,762260.3333,748685.7591,1178338.7312,154.58,78847.0000,123967.0000,3262463.0000
1024,8192,1,max,Block,crossbeam,mean_ns,12,1974.9563,229.9563,361.9228,18.33,1140.4950,1960.6598,2740.4034
1024,8192,1,max,Block,crossbeam,throughput,12,464363.7222,56236.1849,88508.7956,19.06,333236.0950,452991.0227,709720.2361
1024,8192,1,max,Block,crossbeam,mb_per_sec,12,475.5085,57.5859,90.6330,19.06,341.2338,463.8628,726.7535
1024,8192,1,max,Block,crossbeam,dropped,12,0.0000,0.0000,0.0000,nan,0.0000,0.0000,0.0000
1024,8192,1,max,Block,direct,p50_ns,12,50.1667,0.2473,0.3892,0.78,50.0000,50.0000,51.0000
1024,8192,1,max,Block,direct,p99_ns,12,12285.0000,255.9649,402.8571,3.28,11223.0000,12287.0000,12847.0000
1024,8192,1,max,Block,direct,p999_ns,12,18033.6667,1417.7850,2231.4182,12.37,15047.0000,17895.0000,22911.0000
1024,8192,1,max,Block,direct,max_ns,12,71273.6667,11165.7738,17573.5462,24.66,48031.0000,68511.0000,104639.0000
1024,8192,1,max,Block,direct,mean_ns,12,269.0667,9.3978,14.7909,5.50,248.6362,265.5993,302.7040
1024,8192,1,max,Block,direct,throughput,12,3258952.0084,104535.1653,164525.4134,5.05,2896624.2596,3316223.3367,3480803.9752
1024,8192,1,max,Block,direct,mb_per_sec,12,3337.1669,107.0440,168.4740,5.05,2966.1432,3395.8127,3564.3433
1024,8192,1,max,Block,direct,dropped,12,0.0000,0.0000,0.0000,nan,0.0000,0.0000,0.0000
1024,8192,1,max,Block,env_logger,p50_ns,12,2449.1667,274.1746,431.5170,17.62,2309.0000,2328.0000,3819.0000
1024,8192,1,max,Block,env_logger,p99_ns,12,7615.3333,990.6468,1559.1554,20.47,6339.0000,7343.0000,11999.0000
1024,8192,1,max,Block,env_logger,p999_ns,12,32036.3333,2037.4773,3206.7372,10.01,26863.0000,32271.0000,37663.0000
1024,8192,1,max,Block,env_logger,max_ns,12,179908.3333,58477.4094,92036.2056,51.16,71615.0000,181439.0000,308991.0000
1024,8192,1,max,Block,env_logger,mean_ns,12,3115.2560,161.9442,254.8801,8.18,2931.0461,3061.4262,3847.2890
1024,8192,1,max,Block,env_logger,throughput,12,317104.7650,14278.6583,22472.8412,7.09,255277.7331,321208.0104,335360.4475
1024,8192,1,max,Block,env_logger,mb_per_sec,12,324.7153,14.6213,23.0122,7.09,261.4044,328.9170,343.4091
1024,8192,1,max,Block,env_logger,dropped,12,0.0000,0.0000,0.0000,nan,0.0000,0.0000,0.0000
1024,8192,1,max,Block,fern,p50_ns,12,643.9167,7.0360,11.0738,1.72,635.0000,639.0000,668.0000
1024,8192,1,max,Block,fern,p99_ns,12,4265.6667,445.4166,701.0306,16.43,3921.0000,4031.0000,6391.0000
1024,8192,1,max,Block,fern,p999_ns,12,26103.0000,994.6761,1565.4971,6.00,23327.0000,26415.0000,28095.0000
1024,8192,1,max,Block,fern,max_ns,12,184377.6667,78537.0361,123607.5754,67.04,52383.0000,129919.0000,344575.0000
1024,8192,1,max,Block,fern,mean_ns,12,1214.6028,31.2728,49.2195,4.05,1158.9968,1202.5057,1300.0444
1024,8192,1,max,Block,fern,throughput,12,792634.3992,19667.2600,30953.8333,3.91,740373.3510,798096.9916,829945.3581
1024,8192,1,max,Block,fern,mb_per_sec,12,811.6576,20.1393,31.6967,3.91,758.1423,817.2513,849.8640
1024,8192,1,max,Block,fern,dropped,12,0.0000,0.0000,0.0000,nan,0.0000,0.0000,0.0000
1024,8192,1,max,Block,flexi_logger,p50_ns,12,1477.9167,195.7858,308.1427,20.85,1246.0000,1320.0000,2153.0000
1024,8192,1,max,Block,flexi_logger,p99_ns,12,19377.6667,1237.6249,1947.8685,10.05,17199.0000,18943.0000,24079.0000
1024,8192,1,max,Block,flexi_logger,p999_ns,12,42239.0000,7438.2053,11706.8146,27.72,26447.0000,39615.0000,65599.0000
1024,8192,1,max,Block,flexi_logger,max_ns,12,212756.3333,64834.5995,102041.6360,47.96,77823.0000,217535.0000,354303.0000
1024,8192,1,max,Block,flexi_logger,mean_ns,12,2587.8252,245.8610,386.9547,14.95,2103.7927,2480.2221,3218.5830
1024,8192,1,max,Block,flexi_logger,throughput,12,384831.6072,34978.7148,55052.1683,14.31,304941.5054,393144.5300,463814.7071
1024,8192,1,max,Block,flexi_logger,mb_per_sec,12,394.0676,35.8182,56.3734,14.31,312.2601,402.5800,474.9463
1024,8192,1,max,Block,flexi_logger,dropped,12,0.0000,0.0000,0.0000,nan,0.0000,0.0000,0.0000
1024,8192,1,max,Block,flume,p50_ns,12,234.1667,11.0941,17.4608,7.46,210.0000,229.5000,266.0000
1024,8192,1,max,Block,flume,p99_ns,12,26380.3333,1420.2629,2235.3181,8.47,24047.0000,26079.0000,32143.0000
1024,8192,1,max,Block,flume,p999_ns,12,57543.0000,3906.0198,6147.5918,10.68,51135.0000,54927.0000,69951.0000
1024,8192,1,max,Block,flume,max_ns,12,168527.0000,25294.2337,39809.9935,23.62,106623.0000,159551.0000,246911.0000
1024,8192,1,max,Block,flume,mean_ns,12,2045.4084,203.1201,319.6859,15.63,1451.3063,2106.2536,2578.9205
1024,8192,1,max,Block,flume,throughput,12,456925.8306,50274.5501,79125.9201,17.32,358476.4022,432401.9326,647480.8172
1024,8192,1,max,Block,flume,mb_per_sec,12,467.8921,51.4811,81.0249,17.32,367.0798,442.7796,663.0204
1024,8192,1,max,Block,flume,dropped,12,0.0000,0.0000,0.0000,nan,0.0000,0.0000,0.0000
1024,8192,1,max,Block,ftlog,p50_ns,12,583.1667,32.5491,51.2282,8.78,516.0000,571.0000,709.0000
1024,8192,1,max,Block,ftlog,p99_ns,12,65532.3333,2925.6905,4604.6747,7.03,58239.0000,65519.0000,76543.0000
1024,8192,1,max,Block,ftlog,p999_ns,12,96217.6667,5007.2197,7880.7441,8.19,85119.0000,94495.0000,116543.0000
1024,8192,1,max,Block,ftlog,max_ns,12,469364.3333,356807.4722,561570.8045,119.64,140159.0000,213311.0000,1747967.0000
1024,8192,1,max,Block,ftlog,mean_ns,12,5431.5983,324.9755,511.4711,9.42,4866.3927,5245.4663,6300.4188
1024,8192,1,max,Block,ftlog,throughput,12,156611.7283,7595.0470,11953.6640,7.63,136983.7953,160423.6949,169183.5483
1024,8192,1,max,Block,ftlog,mb_per_sec,12,160.3704,7.7773,12.2406,7.63,140.2714,164.2739,173.2440
1024,8192,1,max,Block,ftlog,dropped,12,0.0000,0.0000,0.0000,nan,0.0000,0.0000,0.0000
1024,8192,1,max,Block,log4rs,p50_ns,12,1608.4167,6.0850,9.5770,0.60,1594.0000,1607.5000,1623.0000
1024,8192,1,max,Block,log4rs,p99_ns,12,5619.3333,322.5788,507.6991,9.03,5119.0000,5441.0000,6943.0000
1024,8192,1,max,Block,log4rs,p999_ns,12,28221.6667,1727.6488,2719.1054,9.63,24911.0000,27543.0000,32591.0000
1024,8192,1,max,Block,log4rs,max_ns,12,167463.0000,79313.8084,124830.1190,74.54,47743.0000,84415.0000,331263.0000
1024,8192,1,max,Block,log4rs,mean_ns,12,2227.4237,28.3322,44.5913,2.00,2161.0379,2237.1615,2282.6127
1024,8192,1,max,Block,log4rs,throughput,12,438780.3326,5387.1626,8478.7272,1.93,429147.3443,436738.0245,451379.1121
1024,8192,1,max,Block,log4rs,mb_per_sec,12,449.3111,5.5165,8.6822,1.93,439.4469,447.2197,462.2122
1024,8192,1,max,Block,log4rs,dropped,12,0.0000,0.0000,0.0000,nan,0.0000,0.0000,0.0000
1024,8192,1,max,Block,slog-async,p50_ns,12,593.3333,46.6307,73.3910,12.37,516.0000,571.5000,767.0000
1024,8192,1,max,Block,slog-async,p99_ns,12,55983.0000,4484.9598,7058.7717,12.61,47391.0000,54959.0000,73279.0000
1024,8192,1,max,Block,slog-async,p999_ns,12,81417.6667,5225.5876,8224.4282,10.10,68799.0000,80447.0000,101887.0000
1024,8192,1,max,Block,slog-async,max_ns,12,196436.3333,61068.1056,96113.6407,48.93,97599.0000,171135.0000,365055.0000
1024,8192,1,max,Block,slog-async,mean_ns,12,4595.4225,403.5179,635.0873,13.82,4051.1836,4429.6525,6243.1908
1024,8192,1,max,Block,slog-async,throughput,12,163242.3378,9777.9358,15389.2608,9.43,125688.8709,165889.9106,177896.4513
1024,8192,1,max,Block,slog-async,mb_per_sec,12,167.1602,10.0126,15.7586,9.43,128.7054,169.8713,182.1660
1024,8192,1,max,Block,slog-async,dropped,12,0.0000,0.0000,0.0000,nan,0.0000,0.0000,0.0000
1024,8192,1,max,Block,tracing-appender,p50_ns,12,502.8333,100.6771,158.4532,31.51,308.0000,506.0000,806.0000
1024,8192,1,max,Block,tracing-appender,p99_ns,12,33397.6667,7367.4094,11595.3906,34.72,20719.0000,28439.0000,60319.0000
1024,8192,1,max,Block,tracing-appender,p999_ns,12,64287.0000,4555.4662,7169.7400,11.15,54815.0000,63791.0000,80959.0000
1024,8192,1,max,Block,tracing-appender,max_ns,12,273513.6667,237482.9625,373768.7933,136.65,83455.0000,183359.0000,1439743.0000
1024,8192,1,max,Block,tracing-appender,mean_ns,12,2531.2074,225.9194,355.5692,14.05,2302.6112,2428.1124,3606.2425
1024,8192,1,max,Block,tracing-appender,throughput,12,331396.3316,19530.3016,30738.2778,9.28,241855.9513,339261.5455,356400.4877
1024,8192,1,max,Block,tracing-appender,mb_per_sec,12,339.3498,19.9990,31.4760,9.28,247.6605,347.4038,364.9541
1024,8192,1,max,Block,tracing-appender,dropped,12,0.0000,0.0000,0.0000,nan,0.0000,0.0000,0.0000
1024,8192,1,max,Block,tracing-fmt,p50_ns,12,4345.0000,5.0249,7.9086,0.18,4339.0000,4343.0000,4363.0000
1024,8192,1,max,Block,tracing-fmt,p99_ns,12,25197.6667,796.2746,1253.2376,4.97,23071.0000,25207.0000,27391.0000
1024,8192,1,max,Block,tracing-fmt,p999_ns,12,42596.3333,4002.1530,6298.8935,14.79,34655.0000,41055.0000,57279.0000
1024,8192,1,max,Block,tracing-fmt,max_ns,12,91193.6667,13931.5316,21926.5066,24.04,55295.0000,89983.0000,136319.0000
1024,8192,1,max,Block,tracing-fmt,mean_ns,12,4993.2582,71.0716,111.8579,2.24,4853.2000,4954.3443,5196.4346
1024,8192,1,max,Block,tracing-fmt,throughput,12,198547.6058,2788.3891,4388.5793,2.21,190664.8706,200011.8809,204111.7600
1024,8192,1,max,Block,tracing-fmt,mb_per_sec,12,203.3127,2.8553,4.4939,2.21,195.2408,204.8122,209.0104
1024,8192,1,max,Block,tracing-fmt,dropped,12,0.0000,0.0000,0.0000,nan,0.0000,0.0000,0.0000
1024,8192,1,max,Block,tracing-nb,p50_ns,12,4744.3333,89.3925,140.6927,2.97,4595.0000,4711.0000,5031.0000
1024,8192,1,max,Block,tracing-nb,p99_ns,12,21304.3333,1348.7708,2122.7984,9.96,19151.0000,21031.0000,26143.0000
1024,8192,1,max,Block,tracing-nb,p999_ns,12,44215.0000,6778.4868,10668.4994,24.13,32959.0000,40735.0000,61343.0000
1024,8192,1,max,Block,tracing-nb,max_ns,12,93439.0000,17617.7383,27728.1397,29.68,60607.0000,90527.0000,170623.0000
1024,8192,1,max,Block,tracing-nb,mean_ns,12,5646.1245,301.8897,475.1370,8.42,5167.3239,5639.6084,6702.6799
1024,8192,1,max,Block,tracing-nb,throughput,12,176665.3816,8943.9446,14076.6619,7.97,147831.7171,175851.5766,191634.7705
1024,8192,1,max,Block,tracing-nb,mb_per_sec,12,180.9054,9.1586,14.4145,7.97,151.3797,180.0720,196.2340
1024,8192,1,max,Block,tracing-nb,dropped,12,0.0000,0.0000,0.0000,nan,0.0000,0.0000,0.0000
1024,8192,1,max,Block,tracing-span,p50_ns,12,4687.0000,3.9073,6.1496,0.13,4675.0000,4687.0000,4695.0000
1024,8192,1,max,Block,tracing-span,p99_ns,12,26331.0000,577.2294,908.4877,3.45,25247.0000,26207.0000,28095.0000
1024,8192,1,max,Block,tracing-span,p999_ns,12,47233.6667,4472.4401,7039.0672,14.90,39807.0000,46191.0000,66751.0000
1024,8192,1,max,Block,tracing-span,max_ns,12,103865.6667,19907.6621,31332.1965,30.17,72639.0000,101855.0000,176127.0000
1024,8192,1,max,Block,tracing-span,mean_ns,12,5407.3281,55.4374,87.2515,1.61,5318.6136,5386.3985,5591.1175
1024,8192,1,max,Block,tracing-span,throughput,12,183409.3319,1848.9261,2909.9809,1.59,177373.6937,184136.2728,186452.6037
1024,8192,1,max,Block,tracing-span,mb_per_sec,12,187.8112,1.8933,2.9798,1.59,181.6307,188.5555,190.9275
1024,8192,1,max,Block,tracing-span,dropped,12,0.0000,0.0000,0.0000,nan,0.0000,0.0000,0.0000
1024,8192,4,max,Block,crossbeam,p50_ns,12,334.8333,46.2034,72.7184,21.72,278.0000,304.5000,475.0000
1024,8192,4,max,Block,crossbeam,p99_ns,12,182825.6667,13308.3596,20945.7110,11.46,155391.0000,179263.0000,222975.0000
1024,8192,4,max,Block,crossbeam,p999_ns,12,523689.6667,47816.9304,75257.9309,14.37,475391.0000,497791.0000,739839.0000
1024,8192,4,max,Block,crossbeam,max_ns,12,2605823.0000,629409.1501,990612.1097,38.02,1397759.0000,2514943.0000,4730879.0000
1024,8192,4,max,Block,crossbeam,mean_ns,12,9580.1514,1124.7795,1770.2638,18.48,7791.5999,9092.8752,14056.0889
1024,8192,4,max,Block,crossbeam,throughput,12,405115.3503,41805.4040,65796.5322,16.24,275246.3154,409096.6466,492915.2794
1024,8192,4,max,Block,crossbeam,mb_per_sec,12,414.8381,42.8087,67.3756,16.24,281.8522,418.9150,504.7452
1024,8192,4,max,Block,crossbeam,dropped,12,0.0000,0.0000,0.0000,nan,0.0000,0.0000,0.0000
1024,8192,4,max,Block,direct,p50_ns,12,54.8333,0.9320,1.4668,2.68,53.0000,54.0000,58.0000
1024,8192,4,max,Block,direct,p99_ns,12,54847.0000,17479.9393,27511.2612,50.16,38719.0000,46575.0000,140927.0000
1024,8192,4,max,Block,direct,p999_ns,12,192601.6667,49222.0373,77469.3953,40.22,128063.0000,179071.0000,420095.0000
1024,8192,4,max,Block,direct,max_ns,12,14172500.3333,18433497.6872,29012044.1212,204.71,3588095.0000,6041599.0000,106168319.0000
1024,8192,4,max,Block,direct,mean_ns,12,3012.3285,1594.6257,2509.7436,83.32,2073.4617,2272.2305,10960.1592
1024,8192,4,max,Block,direct,throughput,12,1440255.3808,240037.1082,377788.7025,26.23,279399.9126,1536392.8393,1678962.2670
1024,8192,4,max,Block,direct,mb_per_sec,12,1474.8215,245.7980,386.8556,26.23,286.1055,1573.2663,1719.2574
1024,8192,4,max,Block,direct,dropped,12,0.0000,0.0000,0.0000,nan,0.0000,0.0000,0.0000
1024,8192,4,max,Block,env_logger,p50_ns,12,4134.3333,132.3746,208.3412,5.04,3925.0000,4066.0000,4563.0000
1024,8192,4,max,Block,env_logger,p99_ns,12,156457.6667,4697.0031,7392.5016,4.72,144895.0000,155583.0000,169599.0000
1024,8192,4,max,Block,env_logger,p999_ns,12,316959.0000,20554.6835,32350.5282,10.21,261759.0000,329599.0000,352255.0000
1024,8192,4,max,Block,env_logger,max_ns,12,2493951.0000,928334.7468,1461084.0053,58.59,615423.0000,2309119.0000,4579327.0000
1024,8192,4,max,Block,env_logger,mean_ns,12,16907.6242,961.0575,1512.5856,8.95,15022.5093,16679.4405,19542.6251
1024,8192,4,max,Block,env_logger,throughput,12,234537.7921,13211.7851,20793.7147,8.87,202575.5373,235270.2220,263363.8600
1024,8192,4,max,Block,env_logger,mb_per_sec,12,240.1667,13.5289,21.2928,8.87,207.4374,240.9167,269.6846
1024,8192,4,max,Block,env_logger,dropped,12,0.0000,0.0000,0.0000,nan,0.0000,0.0000,0.0000
1024,8192,4,max,Block,fern,p50_ns,12,1111.1667,28.4146,44.7210,4.02,1035.0000,1114.5000,1177.0000
1024,8192,4,max,Block,fern,p99_ns,12,147812.3333,7088.8851,11157.0279,7.55,128063.0000,146623.0000,164223.0000
1024,8192,4,max,Block,fern,p999_ns,12,286431.0000,12298.3484,19356.0783,6.76,247423.0000,286335.0000,312575.0000
1024,8192,4,max,Block,fern,max_ns,12,3506857.6667,1211856.4974,1907312.1535,54.39,591871.0000,4497407.0000,5742591.0000
1024,8192,4,max,Block,fern,mean_ns,12,12208.2073,481.4714,757.7764,6.21,10879.6450,12156.4464,13571.5282
1024,8192,4,max,Block,fern,throughput,12,318656.7388,11775.3430,18532.9326,5.82,290650.9643,317774.5003,357877.8055
1024,8192,4,max,Block,fern,mb_per_sec,12,326.3045,12.0580,18.9777,5.82,297.6266,325.4011,366.4669
1024,8192,4,max,Block,fern,dropped,12,0.0000,0.0000,0.0000,nan,0.0000,0.0000,0.0000
1024,8192,4,max,Block,flexi_logger,p50_ns,12,2220.5000,53.9599,84.9262,3.82,2061.0000,2225.0000,2315.0000
1024,8192,4,max,Block,flexi_logger,p99_ns,12,123732.3333,12478.6951,19639.9217,15.87,86463.0000,125791.0000,147967.0000
1024,8192,4,max,Block,flexi_logger,p999_ns,12,311433.6667,47065.9215,74075.9357,23.79,229119.0000,300671.0000,506879.0000
1024,8192,4,max,Block,flexi_logger,max_ns,12,3448489.6667,709297.2065,1116346.0240,32.37,1231871.0000,3692543.0000,4702207.0000
1024,8192,4,max,Block,flexi_logger,mean_ns,12,8246.7305,1141.3774,1796.3868,21.78,5164.0742,7922.8714,10579.3464
1024,8192,4,max,Block,flexi_logger,throughput,12,421084.7636,55849.4080,87900.0565,20.87,320952.4083,408961.8818,596098.4196
1024,8192,4,max,Block,flexi_logger,mb_per_sec,12,431.1908,57.1898,90.0097,20.87,328.6553,418.7770,610.4048
1024,8192,4,max,Block,flexi_logger,dropped,12,0.0000,0.0000,0.0000,nan,0.0000,0.0000,0.0000
1024,8192,4,max,Block,flume,p50_ns,12,452.7500,61.1966,96.3159,21.27,340.0000,446.5000,629.0000
1024,8192,4,max,Block,flume,p99_ns,12,132617.6667,6269.5590,9867.5100,7.44,116159.0000,133311.0000,151679.0000
1024,8192,4,max,Block,flume,p999_ns,12,302889.6667,24645.9999,38789.7537,12.81,254207.0000,301695.0000,381951.0000
1024,8192,4,max,Block,flume,max_ns,12,3257769.6667,1339237.6290,2107794.2907,64.70,1382399.0000,2792447.0000,9379839.0000
1024,8192,4,max,Block,flume,mean_ns,12,9200.0916,634.1153,998.0189,10.85,7628.0594,9063.0145,11595.9458
1024,8192,4,max,Block,flume,throughput,12,417989.6340,26749.1989,42099.9288,10.07,334402.3508,418558.1346,491872.2688
1024,8192,4,max,Block,flume,mb_per_sec,12,428.0214,27.3912,43.1103,10.07,342.4280,428.6035,503.6772
1024,8192,4,max,Block,flume,dropped,12,0.0000,0.0000,0.0000,nan,0.0000,0.0000,0.0000
1024,8192,4,max,Block,ftlog,p50_ns,12,2618.9167,407.5539,641.4394,24.49,2034.0000,2297.0000,3679.0000
1024,8192,4,max,Block,ftlog,p99_ns,12,302036.3333,15577.6051,24517.2226,8.12,264447.0000,300159.0000,342527.0000
1024,8192,4,max,Block,ftlog,p999_ns,12,535231.0000,28223.5614,44420.3928,8.30,441599.0000,542975.0000,604671.0000
1024,8192,4,max,Block,ftlog,max_ns,12,2933076.3333,386699.1176,608616.5551,20.75,2136063.0000,2936831.0000,4098047.0000
1024,8192,4,max,Block,ftlog,mean_ns,12,40347.8750,3329.9547,5240.9366,12.99,33745.1024,40068.8853,49427.3406
1024,8192,4,max,Block,ftlog,throughput,12,91653.8530,7356.0244,11577.4721,12.63,73249.2442,89670.6390,108384.7689
1024,8192,4,max,Block,ftlog,mb_per_sec,12,93.8535,7.5326,11.8553,12.63,75.0072,91.8227,110.9860
1024,8192,4,max,Block,ftlog,dropped,12,0.0000,0.0000,0.0000,nan,0.0000,0.0000,0.0000
1024,8192,4,max,Block,log4rs,p50_ns,12,3550.1667,110.2026,173.4452,4.89,3285.0000,3533.0000,3927.0000
1024,8192,4,max,Block,log4rs,p99_ns,12,197311.0000,3876.1458,6100.5738,3.09,184575.0000,197375.0000,206847.0000
1024,8192,4,max,Block,log4rs,p999_ns,12,364052.3333,13564.2257,21348.4126,5.86,331519.0000,365311.0000,410623.0000
1024,8192,4,max,Block,log4rs,max_ns,12,2511700.3333,682145.5786,1073612.7218,42.74,726015.0000,2804735.0000,4009983.0000
1024,8192,4,max,Block,log4rs,mean_ns,12,21194.1506,887.9513,1397.5255,6.59,18865.1415,21111.5707,23870.9091
1024,8192,4,max,Block,log4rs,throughput,12,186205.9790,8171.6058,12861.0963,6.91,165594.6343,186940.1343,209252.5580
1024,8192,4,max,Block,log4rs,mb_per_sec,12,190.6749,8.3677,13.1698,6.91,169.5689,191.4267,214.2746
1024,8192,4,max,Block,log4rs,dropped,12,0.0000,0.0000,0.0000,nan,0.0000,0.0000,0.0000
1024,8192,4,max,Block,slog-async,p50_ns,12,4205.1667,357.9818,563.4191,13.40,3445.0000,4058.0000,5095.0000
1024,8192,4,max,Block,slog-async,p99_ns,12,258644.3333,11760.1096,18508.9572,7.16,229503.0000,262399.0000,284159.0000
1024,8192,4,max,Block,slog-async,p999_ns,12,640895.0000,54600.0423,85933.7096,13.41,504831.0000,644863.0000,752127.0000
1024,8192,4,max,Block,slog-async,max_ns,12,3260073.6667,474197.1663,746327.6555,22.89,2242559.0000,3279871.0000,4665343.0000
1024,8192,4,max,Block,slog-async,mean_ns,12,33049.4158,1650.5501,2597.7617,7.86,28972.2191,33992.4529,35670.8946
1024,8192,4,max,Block,slog-async,throughput,12,114757.4278,5746.3085,9043.9785,7.88,105973.2822,111289.2542,129241.9314
1024,8192,4,max,Block,slog-async,mb_per_sec,12,117.5116,5.8842,9.2610,7.88,108.5166,113.9602,132.3437
1024,8192,4,max,Block,slog-async,dropped,12,0.0000,0.0000,0.0000,nan,0.0000,0.0000,0.0000
1024,8192,4,max,Block,tracing-appender,p50_ns,12,642.8333,121.0204,190.4711,29.63,489.0000,535.5000,1024.0000
1024,8192,4,max,Block,tracing-appender,p99_ns,12,189417.6667,15026.3937,23649.6841,12.49,170239.0000,180735.0000,252799.0000
1024,8192,4,max,Block,tracing-appender,p999_ns,12,382079.0000,24083.4875,37904.4289,9.92,340735.0000,372991.0000,471807.0000
1024,8192,4,max,Block,tracing-appender,max_ns,12,2555220.3333,686005.4951,1079687.7527,42.25,947199.0000,2285567.0000,4493311.0000
1024,8192,4,max,Block,tracing-appender,mean_ns,12,12610.4131,1859.8575,2927.1855,23.21,10290.3088,11454.0145,20636.0719
1024,8192,4,max,Block,tracing-appender,throughput,12,309468.7689,32432.1627,51044.2105,16.49,186794.3157,325725.7896,362778.3894
1024,8192,4,max,Block,tracing-appender,mb_per_sec,12,316.8960,33.2105,52.2693,16.49,191.2774,333.5432,371.4851
1024,8192,4,max,Block,tracing-appender,dropped,12,0.0000,0.0000,0.0000,nan,0.0000,0.0000,0.0000
1024,8192,4,max,Block,tracing-fmt,p50_ns,12,4649.0000,83.6731,131.6911,2.83,4547.0000,4565.0000,4831.0000
1024,8192,4,max,Block,tracing-fmt,p99_ns,12,106489.6667,1879.2369,2957.6862,2.78,100799.0000,106655.0000,111423.0000
1024,8192,4,max,Block,tracing-fmt,p999_ns,12,159332.3333,30319.4209,47719.0163,29.95,126271.0000,140991.0000,280575.0000
1024,8192,4,max,Block,tracing-fmt,max_ns,12,1145300.3333,459960.1522,723920.3571,63.21,203519.0000,975615.0000,2193407.0000
1024,8192,4,max,Block,tracing-fmt,mean_ns,12,9983.1139,146.8975,231.1984,2.32,9511.6805,9977.9958,10335.6430
1024,8192,4,max,Block,tracing-fmt,throughput,12,389849.2909,6768.8155,10653.2779,2.73,375613.4948,390621.4592,407895.2552
1024,8192,4,max,Block,tracing-fmt,mb_per_sec,12,399.2057,6.9313,10.9090,2.73,384.6282,399.9964,417.6847
1024,8192,4,max,Block,tracing-fmt,dropped,12,0.0000,0.0000,0.0000,nan,0.0000,0.0000,0.0000
1024,8192,4,max,Block,tracing-nb,p50_ns,12,4843.6667,100.9110,158.8214,3.28,4695.0000,4771.0000,5179.0000
1024,8192,4,max,Block,tracing-nb,p99_ns,12,27256.3333,3302.9776,5198.4779,19.07,20191.0000,26047.0000,35071.0000
1024,8192,4,max,Block,tracing-nb,p999_ns,12,238537.6667,64886.4114,102123.1816,42.81,143999.0000,205567.0000,503295.0000
1024,8192,4,max,Block,tracing-nb,max_ns,12,3852159.0000,1860850.4114,2928748.2579,76.03,936447.0000,3014655.0000,12615679.0000
1024,8192,4,max,Block,tracing-nb,mean_ns,12,6522.8248,388.3539,611.2209,9.37,5830.3818,6442.5949,7777.0376
1024,8192,4,max,Block,tracing-nb,throughput,12,464424.9324,17585.2791,27677.0530,5.96,407607.3803,464449.9584,506270.7454
1024,8192,4,max,Block,tracing-nb,mb_per_sec,12,475.5711,18.0073,28.3413,5.96,417.3900,475.5968,518.4212
1024,8192,4,max,Block,tracing-nb,dropped,12,0.0000,0.0000,0.0000,nan,0.0000,0.0000,0.0000
1024,8192,4,max,Block,tracing-span,p50_ns,12,5026.6667,87.8227,138.2220,2.75,4923.0000,4945.0000,5279.0000
1024,8192,4,max,Block,tracing-span,p99_ns,12,106201.6667,3032.9387,4773.4701,4.49,101887.0000,105279.0000,119615.0000
1024,8192,4,max,Block,tracing-span,p999_ns,12,171551.0000,53578.1847,84325.4322,49.15,132223.0000,139263.0000,433407.0000
1024,8192,4,max,Block,tracing-span,max_ns,12,1269439.0000,554791.6126,873173.3400,68.78,443135.0000,835583.0000,3196927.0000
1024,8192,4,max,Block,tracing-span,mean_ns,12,10406.6851,208.2065,327.6912,3.15,10104.0290,10271.0068,11202.2048
1024,8192,4,max,Block,tracing-span,throughput,12,370647.7841,11472.0191,18055.5383,4.87,325918.2398,375934.9334,388117.2885
1024,8192,4,max,Block,tracing-span,mb_per_sec,12,379.5433,11.7473,18.4889,4.87,333.7403,384.9574,397.4321
1024,8192,4,max,Block,tracing-span,dropped,12,0.0000,0.0000,0.0000,nan,0.0000,0.0000,0.0000
